source_id,name,category,route_type,fetch_url,link_or_handle,topics_hint,tier,priority_x_feed,backup_google_news_url,known_status,notes
S001,CM D.K. Shivakumar,Politics,X/Instagram via RSS.app,Create in RSS.app,https://x.com/DKShivakumar,"CM agenda, SIR row, cabinet, GBA, tunnel road",Official,yes,https://news.google.com/rss/search?q=Shivakumar&hl=en-IN&gl=IN&ceid=IN:en,Untested,Highest-signal political handle
S002,CM's Office Karnataka,Politics,X/Instagram via RSS.app,Create in RSS.app,https://x.com/CMofKarnataka,"CM decisions, cabinet, events",Official,,https://news.google.com/rss/search?q=Karnataka+Chief+Minister&hl=en-IN&gl=IN&ceid=IN:en,Untested,
S003,DIPR / Karnataka Varthe,Politics,X/Instagram via RSS.app,Create in RSS.app,https://x.com/KarnatakaVarthe,"Govt press releases, cabinet decisions, Rajyotsava",Official,,https://news.google.com/rss/search?q=Karnataka+cabinet+decision&hl=en-IN&gl=IN&ceid=IN:en,Untested,Also monitor dipr.karnataka.gov.in press page
S004,DIPR press releases,Politics,Web page monitor,https://dipr.karnataka.gov.in,https://dipr.karnataka.gov.in,"Cabinet decisions, govt notices",Official,,,Untested,No RSS found
S005,Chief Electoral Officer Karnataka,Politics,X/Instagram via RSS.app,Create in RSS.app,https://x.com/ceo_karnataka,"SIR roll revision, final roll, MLC polls",Official,,https://news.google.com/rss/search?q=%22Chief+Electoral+Officer%22+Karnataka&hl=en-IN&gl=IN&ceid=IN:en,Untested,Instagram: @ceokarnataka
S006,Chief Electoral Officer Karnataka,Politics,Web page monitor,https://ceo.karnataka.gov.in/en,https://ceo.karnataka.gov.in/en,"SIR final roll date, press notes",Official,,,Untested,
S007,Karnataka State Election Commission,Politics,Web page monitor,https://karsec.gov.in,https://karsec.gov.in,"GBA civic poll notification, ward reservation",Official,,,Untested,Most important trigger for GBA polls; no X handle
S008,Election Commission of India,Politics,Web page monitor,https://eci.gov.in,https://eci.gov.in,"Press notes, MLC poll schedule, SIR",Official,,,Untested,
S009,Greater Bengaluru Authority,Politics,Web page monitor,https://gba.karnataka.gov.in,https://gba.karnataka.gov.in,"GBA Election 2026 section, 5 corporations",Official,,,Untested,
S010,OpenCity data portal,Politics,Web page monitor,https://data.opencity.in/dataset/gba-ward-wise-reservations-2026,https://data.opencity.in/dataset/gba-ward-wise-reservations-2026,"GBA ward reservations, civic data",Aggregator (primary docs),,,Untested,
S011,PIB national press releases,Politics,Native publisher RSS/Atom,https://pib.gov.in/RssMain.aspx?ModId=6&Lang=1&Regid=1,https://pib.gov.in/RssMain.aspx?ModId=6&Lang=1&Regid=1,"Parliament session, Census, Union govt",Official,,,Untested,Regid=3 reported 403; PIB RSS page lists Regid=1. Also add PIB Bengaluru region feed
S012,INC Karnataka,Politics,X/Instagram via RSS.app,Create in RSS.app,https://x.com/INCKarnataka,"Congress positions, cabinet, polls",Official (party),,https://news.google.com/rss/search?q=Karnataka+Congress&hl=en-IN&gl=IN&ceid=IN:en,Untested,Avoid lookalike @INC__Karnataka
S013,BJP Karnataka,Politics,X/Instagram via RSS.app,Create in RSS.app,https://x.com/BJP4Karnataka,"BJP positions, protests",Official (party),,https://news.google.com/rss/search?q=BJP+Karnataka&hl=en-IN&gl=IN&ceid=IN:en,Untested,Avoid parody @BJP4Karnatakaa
S014,JD(S),Politics,X/Instagram via RSS.app,Create in RSS.app,https://x.com/JanataDal_S,"Kumaraswamy offensive, HMT, NICE, KPSC",Official (party),,https://news.google.com/rss/search?q=JD(S)+Karnataka&hl=en-IN&gl=IN&ceid=IN:en,Untested,
S015,Cockroach Janta Party website,Politics,Web page monitor,https://www.cockroachjantaparty.org,https://www.cockroachjantaparty.org,"CJP protests, city legs",Official (movement),,,Untested,Only official site; copycats exist
S016,Cockroach Janta Party Telegram,Politics,RSSHub Telegram,https://rsshub.app/telegram/channel/thecockroachchannel,https://t.me/thecockroachchannel,"CJP protest calls, dates",Official (movement),,,Untested,Best CJP real-time channel
S017,Abhijeet Dipke (CJP founder),Politics,X/Instagram via RSS.app,Create in RSS.app,https://x.com/abhijeet_dipke,CJP announcements,Official (movement),,https://news.google.com/rss/search?q=Abhijeet+Dipke&hl=en-IN&gl=IN&ceid=IN:en,Untested,CJP main X @Cockroachisback is withheld in India
S018,We The Leaders (Annamalai),Politics,Web page monitor,https://www.wetheleader.org,https://www.wetheleader.org,WTL campaigns,Official (movement),,,Untested,"Copycats: wetheleaders.store, annamalaiparty.online"
S019,LiveLaw,Politics,Google News RSS,https://news.google.com/rss/search?q=site:livelaw.in+Karnataka&hl=en-IN&gl=IN&ceid=IN:en,https://www.livelaw.in,"SC and HC rulings: GBA deadline, bike taxi, Darshan",Media (legal),,,Untested,
S020,Bar & Bench,Politics,Google News RSS,https://news.google.com/rss/search?q=site:barandbench.com+Karnataka&hl=en-IN&gl=IN&ceid=IN:en,https://www.barandbench.com,Court rulings,Media (legal),,,Untested,
S021,PRS Legislative Research,Politics,Google News RSS,https://news.google.com/rss/search?q=site:prsindia.org&hl=en-IN&gl=IN&ceid=IN:en,https://prsindia.org,"Parliament winter session, bills",Research,,,Untested,Broadened from winter-session only
S022,USCIS,Politics,Google News RSS,https://news.google.com/rss/search?q=site:uscis.gov+H-1B&hl=en-IN&gl=IN&ceid=IN:en,https://www.uscis.gov,H-1B rules (US midterms angle),Official (US),,,Untested,
S023,US Embassy India,Politics,X/Instagram via RSS.app,Create in RSS.app,https://x.com/USAndIndia,Visa updates,Official (US),,https://news.google.com/rss/search?q=US+Embassy+India+visa&hl=en-IN&gl=IN&ceid=IN:en,Untested,
S024,BMRCL / Namma Metro,Civic & Infrastructure,X/Instagram via RSS.app,Create in RSS.app,https://x.com/OfficialBMRCL,"Pink Line opening, metro fares, delays",Official,yes,https://news.google.com/rss/search?q=BMRCL+OR+%22Namma+Metro%22&hl=en-IN&gl=IN&ceid=IN:en,Untested,"Avoid @cpro3naamametro (parody), @NammaMetro_ (fan)"
S025,BMRCL website,Civic & Infrastructure,Web page monitor,https://english.bmrc.co.in,https://english.bmrc.co.in,"Pink Line, notices",Official,,,Untested,
S026,Bengaluru Traffic Police,Civic & Infrastructure,X/Instagram via RSS.app,Create in RSS.app,https://x.com/blrcitytraffic,"Traffic advisories, NYE closures",Official,yes,https://news.google.com/rss/search?q=%22Bengaluru+traffic+police%22&hl=en-IN&gl=IN&ceid=IN:en,Untested,High volume
S027,Joint CP Traffic Bengaluru,Civic & Infrastructure,X/Instagram via RSS.app,Create in RSS.app,https://x.com/Jointcptraffic,Traffic advisories,Official,,https://news.google.com/rss/search?q=Bengaluru+traffic+advisory&hl=en-IN&gl=IN&ceid=IN:en,Untested,
S028,KSNDMC,Civic & Infrastructure,X/Instagram via RSS.app,Create in RSS.app,https://x.com/KarnatakaSNDMC,Rain and flood alerts,Official,yes,https://news.google.com/rss/search?q=KSNDMC&hl=en-IN&gl=IN&ceid=IN:en,Untested,
S029,IMD Met Centre Bengaluru,Civic & Infrastructure,Web page monitor,https://mausam.imd.gov.in/bengaluru/,https://mausam.imd.gov.in/bengaluru/,"NE monsoon flooding, weather alerts",Official,,,Untested,No official X handle found
S030,Bengaluru South City Corporation,Civic & Infrastructure,X/Instagram via RSS.app,Create in RSS.app,https://x.com/comm_blr_south,"Civic works, rain advisories",Official,,https://news.google.com/rss/search?q=%22Bengaluru+South+City+Corporation%22&hl=en-IN&gl=IN&ceid=IN:en,Untested,Other 4 corporations added as a separate row
S031,B.PAC,Civic & Infrastructure,X/Instagram via RSS.app,Create in RSS.app,https://x.com/BPACofficial,"Civic advocacy, GBA candidates",Civic org,,https://news.google.com/rss/search?q=B.PAC+Bengaluru&hl=en-IN&gl=IN&ceid=IN:en,Untested,
S032,Kempegowda Airport (BLR),Civic & Infrastructure,X/Instagram via RSS.app,Create in RSS.app,https://x.com/BLRAirport,"Airport ops, second airport news",Official,,https://news.google.com/rss/search?q=%22Kempegowda+International+Airport%22&hl=en-IN&gl=IN&ceid=IN:en,Untested,
S033,Citizen Matters Bengaluru,Civic & Infrastructure,Google News RSS,https://news.google.com/rss/search?q=site:citizenmatters.in+Bengaluru&hl=en-IN&gl=IN&ceid=IN:en,https://citizenmatters.in,"Civic explainers, potholes, water",Media (civic),,,Untested,
S034,ESPNcricinfo,Sports,Native publisher RSS/Atom,https://www.espncricinfo.com/rss/content/story/feeds/0.xml,https://www.espncricinfo.com/rss/content/story/feeds/0.xml,"India vs NZ series, IPL retention, WPL auction",Media,,,Untested,Feed hub: rss.cricinfo.com
S035,Royal Challengers Bengaluru,Sports,X/Instagram via RSS.app,Create in RSS.app,https://x.com/RCBTweets,"RCB IPL retention, WPL auction, fandom",Official,yes,https://news.google.com/rss/search?q=RCB&hl=en-IN&gl=IN&ceid=IN:en,Untested,
S036,Bengaluru FC,Sports,X/Instagram via RSS.app,Create in RSS.app,https://x.com/bengalurufc,BFC ISL fixtures,Official,,https://news.google.com/rss/search?q=%22Bengaluru+FC%22&hl=en-IN&gl=IN&ceid=IN:en,Untested,
S037,Bengaluru Bulls,Sports,X/Instagram via RSS.app,Create in RSS.app,https://x.com/BengaluruBulls,Pro Kabaddi,Official,,https://news.google.com/rss/search?q=%22Bengaluru+Bulls%22&hl=en-IN&gl=IN&ceid=IN:en,Untested,
S038,BCCI,Sports,X/Instagram via RSS.app,Create in RSS.app,https://x.com/BCCI,"India series, IPL/WPL announcements",Official,,https://news.google.com/rss/search?q=BCCI&hl=en-IN&gl=IN&ceid=IN:en,Untested,
S039,IPL,Sports,X/Instagram via RSS.app,Create in RSS.app,https://x.com/IPL,"IPL 2027 retention deadline, auction",Official,,https://news.google.com/rss/search?q=IPL+2027&hl=en-IN&gl=IN&ceid=IN:en,Untested,
S040,Indian Super League,Sports,Web page monitor,https://www.indiansuperleague.com,https://www.indiansuperleague.com,Official ISL fixtures,Official,,,Untested,Use instead of Khel Now tables (venue error found)
S041,BookMyShow Bengaluru events,Entertainment,Web page monitor,https://in.bookmyshow.com/explore/events-bengaluru,https://in.bookmyshow.com/explore/events-bengaluru,"GNR, DGTL, Sunburn, gigs, comedy, ticket drops",Aggregator (ticketing),,,Untested,Needs daily human check
S042,District (Zomato) Bengaluru events,Entertainment,Web page monitor,https://www.district.in/events/music-in-bengaluru-book-tickets,https://www.district.in/events/music-in-bengaluru-book-tickets,"Gigs, Candlelight shows, Samay Raina tickets",Aggregator (ticketing),,,Untested,
S043,Guns N' Roses official news,Entertainment,Native publisher RSS/Atom,https://gunsnroses.com/blogs/news.atom,https://gunsnroses.com/blogs/news,GNR Bengaluru 14 Nov,Official,,,Untested,One-off; remove after 15 Nov
S044,DGTL Bengaluru,Entertainment,Web page monitor,https://dgtl-festival.com/en/dgtl-bengaluru/,https://dgtl-festival.com/en/dgtl-bengaluru/,DGTL 13–14 Nov,Official,,,Untested,
S045,TV9 Kannada,Entertainment,Google News RSS,https://news.google.com/rss/search?q=site:tv9kannada.com&hl=kn&gl=IN&ceid=IN:kn,https://x.com/tv9kannada,"Bigg Boss Kannada, Darshan, Kannada films",Media,,,Untested,Telegram: t.me/tv9kannadaofficial
S046,Bollywood Hungama,Entertainment,Google News RSS,https://news.google.com/rss/search?q=site:bollywoodhungama.com+release+date&hl=en-IN&gl=IN&ceid=IN:en,https://www.bollywoodhungama.com,"Release dates, box office",Media,,,Untested,
S047,DPAR Karnataka (holiday notification),Festivals & Holidays,Web page monitor,Monitor holiday notification page,https://dpar.karnataka.gov.in,"Valmiki Jayanti, Rajyotsava, Deepavali, Balipadyami, Kanakadasa",Official,,,Untested,Source of truth for holiday dates
S048,Kannada & Culture Department,Festivals & Holidays,Web page monitor,https://kannadasiri.karnataka.gov.in,https://kannadasiri.karnataka.gov.in,"Rajyotsava, Rajyotsava Awards",Official,,,Untested,
S049,RBI press releases,Business & Tech,Native publisher RSS/Atom,https://www.rbi.org.in/pressreleases_rss.xml,https://www.rbi.org.in/pressreleases_rss.xml,"RBI MPC decision, rates",Official,,,Untested,Also notifications_rss.xml
S050,SEBI,Business & Tech,Native publisher RSS/Atom,https://www.sebi.gov.in/sebirss.xml,https://www.sebi.gov.in/sebirss.xml,"IPO approvals (Zepto, PhonePe, Flipkart)",Official,,,Untested,About 50 items only. If it fails try https://www.sebi.gov.in/cms/sebi_data/sebirss.xml
S051,NSE circulars,Business & Tech,Native publisher RSS/Atom,https://nsearchives.nseindia.com/content/RSS/Circulars.xml,https://nsearchives.nseindia.com/content/RSS/Circulars.xml,Exchange notices,Official,,,Untested,
S052,BSE notices,Business & Tech,Native publisher RSS/Atom,https://www.bseindia.com/data/xml/notices.xml,https://www.bseindia.com/data/xml/notices.xml,"Company results (Swiggy, Eternal)",Official,,,Untested,
S053,Bengaluru Tech Summit,Business & Tech,Google News RSS,https://news.google.com/rss/search?q=%22Bengaluru+Tech+Summit%22&hl=en-IN&gl=IN&ceid=IN:en,https://x.com/blrtechsummit,BTS 17–19 Nov,Official,,,Untested,Site: bengalurutechsummit.com
S054,KITU (IT employees union),Business & Tech,X/Instagram via RSS.app,Create in RSS.app,https://x.com/kitu_hq,"AI layoffs, work hours, RTO",Union,,https://news.google.com/rss/search?q=KITU+IT+employees+union&hl=en-IN&gl=IN&ceid=IN:en,Untested,Treat as one side
S055,Prajavani,Culture & Identity,Google News RSS,https://news.google.com/rss/search?q=site:prajavani.net&hl=kn&gl=IN&ceid=IN:kn,https://x.com/prajavani,"Kannada vs Hindi, signage, Rajyotsava, state politics",Media (Kannada),,,Untested,Telegram: t.me/Prajavani1947
S056,Public TV,Culture & Identity,Google News RSS,https://news.google.com/rss/search?q=site:publictv.in&hl=kn&gl=IN&ceid=IN:kn,https://x.com/publictvnews,"Language rows, politics, weather",Media (Kannada),,,Untested,english.publictv.in
S057,Vijaya Karnataka,Culture & Identity,Native publisher RSS/Atom,https://vijaykarnataka.com/rssfeedsdefault.cms,https://x.com/Vijaykarnataka,"Culture, civic",Media (Kannada),,,Untested,Native feed replaces Google News route
S058,Udayavani,Culture & Identity,Google News RSS,https://news.google.com/rss/search?q=site:udayavani.com&hl=kn&gl=IN&ceid=IN:kn,https://x.com/udayavani_web,"Mekedatu, state news",Media (Kannada),,,Untested,
S059,Kannada Development Authority,Culture & Identity,Google News RSS,https://news.google.com/rss/search?q=%22Kannada+Development+Authority%22&hl=en-IN&gl=IN&ceid=IN:en,—,60% signage enforcement,Official,,,Untested,No reliable KDA site found; query catches signage orders
S060,Bengaluru City Police,Lifestyle,X/Instagram via RSS.app,Create in RSS.app,https://x.com/BlrCityPolice,"Pub rules, ID checks, NYE orders",Official,,https://news.google.com/rss/search?q=%22Bengaluru+police%22&hl=en-IN&gl=IN&ceid=IN:en,Untested,
S061,Reddit r/bangalore,Lifestyle,Native publisher RSS/Atom,https://www.reddit.com/r/bangalore/.rss,https://www.reddit.com/r/bangalore/.rss,"Rent, PG, traffic, civic sentiment",Aggregator (community),,,Untested,Never publish without confirmation
S062,Medianama,Lifestyle,Google News RSS,https://news.google.com/rss/search?q=site:medianama.com+Karnataka&hl=en-IN&gl=IN&ceid=IN:en,https://www.medianama.com,"Bike taxi SC case, platform rules",Media,,,Untested,
S063,Deccan Herald,General news,Native publisher RSS/Atom,https://prod-qt-images.s3.amazonaws.com/production/deccanherald/feed.xml,https://prod-qt-images.s3.amazonaws.com/production/deccanherald/feed.xml,"All Bengaluru/Karnataka politics, civic, Darshan, CJP",Media,,,Untested,Only source with confirmed hits in audit
S064,The Hindu,General news,Native publisher RSS/Atom,https://www.thehindu.com/feeder/default.rss,https://www.thehindu.com/feeder/default.rss,"Council polls, politics, national",Media,,,Untested,Karnataka: /news/national/karnataka/feeder/default.rss
S065,The Hindu Bengaluru,General news,Native publisher RSS/Atom,https://www.thehindu.com/news/cities/bangalore/feeder/default.rss,https://www.thehindu.com/news/cities/bangalore/feeder/default.rss,Bengaluru civic,Media,,,Untested,Test once
S066,Times of India Bengaluru,General news,Native publisher RSS/Atom,https://timesofindia.indiatimes.com/rssfeeds/-2128833038.cms,https://timesofindia.indiatimes.com/rss.cms,Bengaluru city feed (pick from directory),Media,,,Untested,Old URL was a directory page. Bengaluru city feed ID from TOI directory; confirm once
S067,Hindustan Times Bengaluru,General news,Native publisher RSS/Atom,https://www.hindustantimes.com/feeds/rss/cities/bengaluru-news/rssfeed.xml,https://www.hindustantimes.com/feeds/rss/cities/bengaluru-news/rssfeed.xml,"Bengaluru civic, viral city stories",Media,,,Untested,"Was the national feed; Bengaluru path follows HT pattern, confirm once"
S068,The News Minute,General news,Google News RSS,https://news.google.com/rss/search?q=site:thenewsminute.com+Karnataka&hl=en-IN&gl=IN&ceid=IN:en,https://www.thenewsminute.com/karnataka,"DKS, HDK, Darshan, SIR",Media,,,Untested,Native RSS unverified
S069,The South First,General news,Google News RSS,https://news.google.com/rss/search?q=site:thesouthfirst.com+Karnataka&hl=en-IN&gl=IN&ceid=IN:en,https://thesouthfirst.com/karnataka,"DKS, SIR, politics",Media,,,Untested,
S070,New Indian Express Karnataka,General news,Google News RSS,https://news.google.com/rss/search?q=site:newindianexpress.com+Karnataka&hl=en-IN&gl=IN&ceid=IN:en,https://x.com/XpressBengaluru,Bengaluru civic,Media,,,Untested,
S071,ANI,General news,Google News RSS,https://news.google.com/rss/search?q=site:aninews.in+Karnataka+OR+Bengaluru&hl=en-IN&gl=IN&ceid=IN:en,https://www.aninews.in,"CJP, sports, politics wire",Media (wire),,,Untested,
S072,UNI,General news,Google News RSS,https://news.google.com/rss/search?q=site:uniindia.com+Karnataka+OR+Bengaluru&hl=en-IN&gl=IN&ceid=IN:en,https://www.uniindia.com/south-india,"Council polls, WTL, court news",Media (wire),,,Untested,
S073,BOOM,Fact-check,Google News RSS,https://news.google.com/rss/search?q=site:boomlive.in+Karnataka&hl=en-IN&gl=IN&ceid=IN:en,https://www.boomlive.in,Viral claims,Fact-checker,,,Untested,
S074,Alt News,Fact-check,Google News RSS,https://news.google.com/rss/search?q=site:altnews.in+Karnataka&hl=en-IN&gl=IN&ceid=IN:en,https://www.altnews.in,Viral claims,Fact-checker,,,Untested,
S075,PIB Fact Check,Fact-check,X/Instagram via RSS.app,Create in RSS.app,https://x.com/PIBFactCheck,Union govt claims,Official,,https://news.google.com/rss/search?q=%22PIB+Fact+Check%22&hl=en-IN&gl=IN&ceid=IN:en,Untested,Not independent of govt
S076,Google News query: Cockroach Janta Party,Politics,Google News RSS,https://news.google.com/rss/search?q=%22Cockroach+Janta+Party%22&hl=en-IN&gl=IN&ceid=IN:en,https://news.google.com/rss/search?q=%22Cockroach+Janta+Party%22&hl=en-IN&gl=IN&ceid=IN:en,CJP protests,Aggregator,,,Untested,Click through to original publisher
S077,Google News query: GBA elections,Politics,Google News RSS,https://news.google.com/rss/search?q=%22GBA%22+(election+OR+polls)+Bengaluru&hl=en-IN&gl=IN&ceid=IN:en,https://news.google.com/rss/search?q=%22GBA%22+(election+OR+polls)+Bengaluru&hl=en-IN&gl=IN&ceid=IN:en,GBA polls,Aggregator,,,Untested,Click through to original publisher
S078,Google News query: SIR Karnataka,Politics,Google News RSS,https://news.google.com/rss/search?q=SIR+Karnataka+voter+deletion&hl=en-IN&gl=IN&ceid=IN:en,https://news.google.com/rss/search?q=SIR+Karnataka+voter+deletion&hl=en-IN&gl=IN&ceid=IN:en,SIR row,Aggregator,,,Untested,Click through to original publisher
S079,Google News query: Karnataka Council election,Politics,Google News RSS,https://news.google.com/rss/search?q=Karnataka+Legislative+Council+election&hl=en-IN&gl=IN&ceid=IN:en,https://news.google.com/rss/search?q=Karnataka+Legislative+Council+election&hl=en-IN&gl=IN&ceid=IN:en,MLC polls,Aggregator,,,Untested,Click through to original publisher
S080,Google News query: Belagavi session,Politics,Google News RSS,https://news.google.com/rss/search?q=Belagavi+winter+session&hl=en-IN&gl=IN&ceid=IN:en,https://news.google.com/rss/search?q=Belagavi+winter+session&hl=en-IN&gl=IN&ceid=IN:en,Belagavi session,Aggregator,,,Untested,Click through to original publisher
S081,Google News query: Caste survey,Politics,Google News RSS,https://news.google.com/rss/search?q=caste+survey+Karnataka+OBC&hl=en-IN&gl=IN&ceid=IN:en,https://news.google.com/rss/search?q=caste+survey+Karnataka+OBC&hl=en-IN&gl=IN&ceid=IN:en,Caste survey,Aggregator,,,Untested,Click through to original publisher
S082,Google News query: Kumaraswamy,Politics,Google News RSS,https://news.google.com/rss/search?q=Kumaraswamy+Shivakumar+NICE+OR+HMT+OR+KPSC&hl=en-IN&gl=IN&ceid=IN:en,https://news.google.com/rss/search?q=Kumaraswamy+Shivakumar+NICE+OR+HMT+OR+KPSC&hl=en-IN&gl=IN&ceid=IN:en,HDK offensive,Aggregator,,,Untested,Click through to original publisher
S083,Google News query: DKS cabinet,Politics,Google News RSS,https://news.google.com/rss/search?q=Shivakumar+cabinet+reshuffle+woman+minister&hl=en-IN&gl=IN&ceid=IN:en,https://news.google.com/rss/search?q=Shivakumar+cabinet+reshuffle+woman+minister&hl=en-IN&gl=IN&ceid=IN:en,Cabinet,Aggregator,,,Untested,Click through to original publisher
S084,Google News query: Mekedatu,Politics,Google News RSS,https://news.google.com/rss/search?q=Mekedatu+OR+Cauvery+water&hl=en-IN&gl=IN&ceid=IN:en,https://news.google.com/rss/search?q=Mekedatu+OR+Cauvery+water&hl=en-IN&gl=IN&ceid=IN:en,Mekedatu,Aggregator,,,Untested,Added Cauvery
S085,Google News query: Delimitation,Politics,Google News RSS,https://news.google.com/rss/search?q=delimitation+south+India+Karnataka&hl=en-IN&gl=IN&ceid=IN:en,https://news.google.com/rss/search?q=delimitation+south+India+Karnataka&hl=en-IN&gl=IN&ceid=IN:en,Delimitation,Aggregator,,,Untested,Click through to original publisher
S086,Google News query: We The Leaders,Politics,Google News RSS,https://news.google.com/rss/search?q=%22We+The+Leaders%22+Annamalai&hl=en-IN&gl=IN&ceid=IN:en,https://news.google.com/rss/search?q=%22We+The+Leaders%22+Annamalai&hl=en-IN&gl=IN&ceid=IN:en,WTL,Aggregator,,,Untested,Click through to original publisher
S087,Google News query: Pink Line,Civic & Infrastructure,Google News RSS,https://news.google.com/rss/search?q=%22Pink+Line%22+%22Namma+Metro%22&hl=en-IN&gl=IN&ceid=IN:en,https://news.google.com/rss/search?q=%22Pink+Line%22+%22Namma+Metro%22&hl=en-IN&gl=IN&ceid=IN:en,Pink Line,Aggregator,,,Untested,Click through to original publisher
S088,Google News query: Tunnel road,Civic & Infrastructure,Google News RSS,https://news.google.com/rss/search?q=tunnel+road+Bengaluru+Adani&hl=en-IN&gl=IN&ceid=IN:en,https://news.google.com/rss/search?q=tunnel+road+Bengaluru+Adani&hl=en-IN&gl=IN&ceid=IN:en,Tunnel road,Aggregator,,,Untested,Click through to original publisher
S089,Google News query: Second airport,Civic & Infrastructure,Google News RSS,https://news.google.com/rss/search?q=Bengaluru+second+airport&hl=en-IN&gl=IN&ceid=IN:en,https://news.google.com/rss/search?q=Bengaluru+second+airport&hl=en-IN&gl=IN&ceid=IN:en,Second airport,Aggregator,,,Untested,Click through to original publisher
S090,Google News query: Bike taxi,Civic & Infrastructure,Google News RSS,https://news.google.com/rss/search?q=bike+taxi+Supreme+Court+Karnataka&hl=en-IN&gl=IN&ceid=IN:en,https://news.google.com/rss/search?q=bike+taxi+Supreme+Court+Karnataka&hl=en-IN&gl=IN&ceid=IN:en,Bike taxi,Aggregator,,,Untested,Click through to original publisher
S091,Google News query: Bengaluru rain,Civic & Infrastructure,Google News RSS,https://news.google.com/rss/search?q=Bengaluru+rain+flooding&hl=en-IN&gl=IN&ceid=IN:en,https://news.google.com/rss/search?q=Bengaluru+rain+flooding&hl=en-IN&gl=IN&ceid=IN:en,NE monsoon,Aggregator,,,Untested,Click through to original publisher
S092,Google News query: Darshan case,Entertainment,Google News RSS,https://news.google.com/rss/search?q=Darshan+Renukaswamy&hl=en-IN&gl=IN&ceid=IN:en,https://news.google.com/rss/search?q=Darshan+Renukaswamy&hl=en-IN&gl=IN&ceid=IN:en,Darshan trial,Aggregator,,,Untested,Click through to original publisher
S093,Google News query: Bigg Boss Kannada,Entertainment,Google News RSS,https://news.google.com/rss/search?q=%22Bigg+Boss+Kannada%22&hl=en-IN&gl=IN&ceid=IN:en,https://news.google.com/rss/search?q=%22Bigg+Boss+Kannada%22&hl=en-IN&gl=IN&ceid=IN:en,Bigg Boss,Aggregator,,,Untested,Click through to original publisher
S094,Google News query: Bengaluru gigs & comedy (rolling),Entertainment,Google News RSS,https://news.google.com/rss/search?q=Bengaluru+(concert+OR+gig+OR+comedy+OR+%22tickets%22)&hl=en-IN&gl=IN&ceid=IN:en,https://news.google.com/rss/search?q=Bengaluru+(concert+OR+gig+OR+comedy+OR+%22tickets%22)&hl=en-IN&gl=IN&ceid=IN:en,Gigs,Aggregator,,,Untested,"Rolling query, no month in it"
S095,Google News query: Kadalekai Parishe,Festivals & Holidays,Google News RSS,https://news.google.com/rss/search?q=Kadalekai+Parishe&hl=en-IN&gl=IN&ceid=IN:en,https://news.google.com/rss/search?q=Kadalekai+Parishe&hl=en-IN&gl=IN&ceid=IN:en,Kadalekai Parishe,Aggregator,,,Untested,Click through to original publisher
S096,Google News query: Karnataka holidays,Festivals & Holidays,Google News RSS,https://news.google.com/rss/search?q=Karnataka+government+holiday+list+2026&hl=en-IN&gl=IN&ceid=IN:en,https://news.google.com/rss/search?q=Karnataka+government+holiday+list+2026&hl=en-IN&gl=IN&ceid=IN:en,Holidays,Aggregator,,,Untested,Update the year each January
S097,Google News query: quick commerce results (rolling),Business & Tech,Google News RSS,https://news.google.com/rss/search?q=(Swiggy+OR+Eternal+OR+Zepto)+results&hl=en-IN&gl=IN&ceid=IN:en,https://news.google.com/rss/search?q=(Swiggy+OR+Eternal+OR+Zepto)+results&hl=en-IN&gl=IN&ceid=IN:en,Q2 results,Aggregator,,,Untested,"Rolling query, not tied to Q2"
S098,Google News query: IPL retention,Sports,Google News RSS,https://news.google.com/rss/search?q=IPL+2027+retention&hl=en-IN&gl=IN&ceid=IN:en,https://news.google.com/rss/search?q=IPL+2027+retention&hl=en-IN&gl=IN&ceid=IN:en,IPL retention,Aggregator,,,Untested,Update the season each year
S099,Google News query: Kannada signage,Culture & Identity,Google News RSS,https://news.google.com/rss/search?q=Kannada+signage+Bengaluru&hl=en-IN&gl=IN&ceid=IN:en,https://news.google.com/rss/search?q=Kannada+signage+Bengaluru&hl=en-IN&gl=IN&ceid=IN:en,Signage row,Aggregator,,,Untested,Click through to original publisher
S100,Google News query: Bengaluru pub rules,Lifestyle,Google News RSS,https://news.google.com/rss/search?q=Bengaluru+pub+ID+drinking+age&hl=en-IN&gl=IN&ceid=IN:en,https://news.google.com/rss/search?q=Bengaluru+pub+ID+drinking+age&hl=en-IN&gl=IN&ceid=IN:en,Pub rules,Aggregator,,,Untested,Click through to original publisher
S101,Prajavani Telegram,Culture & Identity,RSSHub Telegram,https://rsshub.app/telegram/channel/Prajavani1947,https://t.me/Prajavani1947,"State politics, culture",Media (Kannada),,,Untested,Active daily
S102,TV9 Kannada Telegram,Entertainment,RSSHub Telegram,https://rsshub.app/telegram/channel/tv9kannadaofficial,https://t.me/tv9kannadaofficial,"Breaking news, Bigg Boss, Darshan",Media (Kannada),,,Untested,
S103,Cockroach Janta Party YouTube,Politics,YouTube Atom,https://www.youtube.com/feeds/videos.xml?channel_id=UCCdhqGkJVJb8Y2IesdnxKHQ,https://www.youtube.com/channel/UCCdhqGkJVJb8Y2IesdnxKHQ,CJP videos,Official (movement),,,Untested,Every YouTube channel has this feed; same format works for TV9/Public TV channels once you copy their channel ID
S104,PTI,General news,Google News RSS,https://news.google.com/rss/search?q=site:ptinews.com+(Karnataka+OR+Bengaluru)&hl=en-IN&gl=IN&ceid=IN:en,https://www.ptinews.com,All breaking state/national news,Media (wire),,,Untested,
S105,IANS,General news,Google News RSS,https://news.google.com/rss/search?q=site:ianslive.in+(Karnataka+OR+Bengaluru)&hl=en-IN&gl=IN&ceid=IN:en,https://ianslive.in,"CJP, politics, civic",Media (wire),,,Untested,
S106,RBI notifications,Business & Tech,Native publisher RSS/Atom,https://www.rbi.org.in/notifications_rss.xml,https://www.rbi.org.in/notifications_rss.xml,"Rates, rent vs buy, F&O, MPC",Official,,,Works,Tested working 2 Oct 2026
S107,PIB Bengaluru region,Politics,Native publisher RSS/Atom,Pick PIB Bengaluru on https://www.pib.gov.in/ViewRss.aspx?reg=1&lang=1,https://www.pib.gov.in/ViewRss.aspx?reg=1&lang=1,Union schemes with Karnataka angle,Official,,,Untested,
S108,"Other 4 city corporations (Central, North, East, West)",Civic & Infrastructure,X/Instagram via RSS.app,Create in RSS.app,https://gba.karnataka.gov.in,"Civic works, potholes, GBA",Official,,,Untested,Get handles from GBA site; backup Google News GBA query
S109,BMTC,Civic & Infrastructure,Web page monitor,https://mybmtc.karnataka.gov.in,https://mybmtc.karnataka.gov.in,"Buses, Shakti",Official,,,Untested,
S110,BWSSB,Civic & Infrastructure,Web page monitor,https://bwssb.karnataka.gov.in,https://bwssb.karnataka.gov.in,"Water stress, tankers",Official,,,Untested,
S111,TomTom Traffic Index India,Civic & Infrastructure,Web page monitor,https://www.tomtom.com/traffic-index/country/india/,https://www.tomtom.com/traffic-index/country/india/,"Traffic, city wars",Aggregator (data),,,Untested,Annual release late Jan
S112,BTP ASTraM app,Civic & Infrastructure,Manual,,https://play.google.com/store/apps/details?id=com.BTPASTraM&hl=en_IN,Live traffic incidents,Official,,,Untested,Manual only
S113,bengaluru.rent,Lifestyle,Web page monitor,https://bengaluru.rent/about,https://bengaluru.rent/about,"Rent, PG, neighbourhoods",Aggregator (crowdsourced),,,Untested,
S114,Google News query: Bengaluru rent reports,Lifestyle,Google News RSS,https://news.google.com/rss/search?q=Bengaluru+rent+(Anarock+OR+NoBroker+OR+Magicbricks+OR+%22Housing.com%22)&hl=en-IN&gl=IN&ceid=IN:en,—,"Rent, rent vs buy, cost of living",Aggregator,,,Untested,
S115,Inc42,Business & Tech,Native publisher RSS/Atom,https://inc42.com/feed/,https://inc42.com/feed/,"Startups, layoffs, IPOs, work culture",Media,,,Works,Tested working 2 Oct 2026
S116,YourStory,Business & Tech,Native publisher RSS/Atom,https://yourstory.com/feed,https://yourstory.com/feed,"Startups, careers",Media,,,Untested,
S117,Entrackr,Business & Tech,Google News RSS,https://news.google.com/rss/search?q=site:entrackr.com&hl=en-IN&gl=IN&ceid=IN:en,https://entrackr.com,"Funding, layoffs, quick commerce",Media,,,Untested,
S118,Google News query: Bengaluru layoffs,Business & Tech,Google News RSS,https://news.google.com/rss/search?q=layoffs+(Bengaluru+OR+Bangalore)&hl=en-IN&gl=IN&ceid=IN:en,—,Layoffs,Aggregator,,,Untested,Replaces Layoffs.fyi
S119,Sacnilk Kannada box office 2026,Entertainment,Web page monitor,https://www.sacnilk.com/latest-boxoffice-collection/kannada-movies-2026,https://www.sacnilk.com/latest-boxoffice-collection/kannada-movies-2026,"Kannada films, box office",Aggregator,,,Untested,Estimates; update year each Jan
S120,Cinema Express Kannada,Entertainment,Google News RSS,https://news.google.com/rss/search?q=site:cinemaexpress.com+kannada&hl=en-IN&gl=IN&ceid=IN:en,https://www.cinemaexpress.com/kannada,"Kannada releases, industry",Media,,,Untested,Replaces Filmibeat
S121,Prajavani YouTube,Culture & Identity,YouTube Atom,Needs channel ID,https://www.youtube.com/prajavani,"Politics, culture video",Media (Kannada),,,Untested,Copy channel ID into youtube.com/feeds/videos.xml?channel_id=
S122,Bangalore Mirror,General news,Google News RSS,https://news.google.com/rss/search?q=site:bangaloremirror.indiatimes.com&hl=en-IN&gl=IN&ceid=IN:en,https://bangaloremirror.indiatimes.com,"City culture, civic, then vs now",Media,,,Untested,
S123,Public TV English,General news,Google News RSS,https://news.google.com/rss/search?q=site:english.publictv.in&hl=en-IN&gl=IN&ceid=IN:en,https://english.publictv.in,"Civic, traffic, politics",Media,,,Untested,
S124,Google News query: Bengaluru food,Lifestyle,Google News RSS,https://news.google.com/rss/search?q=Bengaluru+(restaurant+OR+cafe+OR+darshini+OR+biryani)&hl=en-IN&gl=IN&ceid=IN:en,—,"Food wars, café culture",Aggregator,,,Untested,
S125,Google News query: Bengaluru dating,Lifestyle,Google News RSS,https://news.google.com/rss/search?q=(Bengaluru+OR+Bangalore)+(dating+OR+Hinge+OR+Bumble)&hl=en-IN&gl=IN&ceid=IN:en,—,"Dating, marriage debates",Aggregator,,,Untested,
S126,Google News query: personal finance,Lifestyle,Google News RSS,https://news.google.com/rss/search?q=(site:livemint.com+OR+site:moneycontrol.com)+(%22income+tax%22+OR+ITR+OR+%22F%26O%22)&hl=en-IN&gl=IN&ceid=IN:en,—,"Tax, F&O, save vs spend",Media,,,Untested,
S127,Google News query: H-1B,Business & Tech,Google News RSS,https://news.google.com/rss/search?q=H-1B+(India+OR+Indian)&hl=en-IN&gl=IN&ceid=IN:en,—,"Brain drain, US midterms",Aggregator,,,Untested,
S128,Google News query: Bigg Boss 20,Entertainment,Google News RSS,https://news.google.com/rss/search?q=%22Bigg+Boss+20%22&hl=en-IN&gl=IN&ceid=IN:en,—,Bigg Boss Hindi,Aggregator,,,Untested,
S129,Google News query: Delhi AQI,Civic & Infrastructure,Google News RSS,https://news.google.com/rss/search?q=Delhi+AQI&hl=en-IN&gl=IN&ceid=IN:en,—,"Pollution refugees, South vs North cities",Aggregator,,,Untested,
S130,Google News query: gig workers,Business & Tech,Google News RSS,https://news.google.com/rss/search?q=gig+workers+(Karnataka+OR+Bengaluru+OR+quick+commerce)&hl=en-IN&gl=IN&ceid=IN:en,—,"Gig rights, 10-minute delivery",Aggregator,,,Untested,
S131,District upcoming movies,Entertainment,Web page monitor,https://www.district.in/movies/upcoming-hindi-movies,https://www.district.in/movies/upcoming-hindi-movies,"Film releases, theatres vs OTT",Aggregator (ticketing),,,Untested,
