topic_id,type,topic,date_or_window,category,geography,status,why_people_talk,debate_angles,spice,noise,priority,sensitive_note
D01,Dated,India vs New Zealand T20I series (starts 12:30 pm IST),"22 Oct–1 Nov (27, 30 Oct, 1 Nov in window)",Sports,Pan-India,Confirmed,Matches land in the middle of the workday,Watching cricket on office time / WFH; selection debates; NZ rivalry after this year's T20 World Cup final,2,3,Low,
D02,Dated,"Karnataka Legislative Council polls: 4 seats (2 graduates', 2 teachers' incl. Bangalore Teachers')",23 Oct poll · 27 Oct counting,Politics,Karnataka,Confirmed,First electoral test since D.K. Shivakumar became CM; graduates' seats are a read on the educated middle class,Congress vs BJP–JD(S); ‘guarantees vs jobs’; do educated voters even care about MLC polls; result spun as a verdict on DKS,2,2,Low,
D03,Dated,Maharshi Valmiki Jayanti holiday,26 Oct (Mon),Festivals & Holidays,Karnataka,Expected,Possible long weekend,Private vs govt holidays; ‘too many holidays’,1,1,Low,
D04,Dated,"WPL 2027 player auction, Kochi (RCB women are defending champions)",28 Oct (Wed),Sports,Pan-India / Bangalore,Confirmed,"RCB released Grace Harris despite the title win; Mandhana, Perry, Richa Ghosh retained",Women's vs men's auction money gap; is WPL taken seriously; RCB women vs RCB men,2,2,Low,
D05,Dated,"Namma Metro Pink Line (elevated, 6 stations) opening after CMRS inspection 6–8 Oct",Mid–late Oct (expected) · first weeks in window,Civic & Infrastructure,Bangalore,Expected,"Years of delays; network becomes India's 2nd longest, overtaking Mumbai",‘Finally!’ vs ‘only 6 stations’; crowding and frequency complaints; state vs Centre credit; Bengaluru vs Mumbai metro bragging,4,4,High,
D06,Dated,"Q2 results from listed new-age tech (Swiggy, Eternal/Zomato etc.)",Late Oct–mid Nov (pattern),Business & Tech,Pan-India (Bangalore angle),Pattern only,Earnings and cash-burn headlines,‘Quick commerce burning cash’; valuations vs losses,3,3,Medium,
D07,Dated,"Bengaluru FC ISL fixtures (only home game: 20 Nov vs Mumbai City, Kanteerava)","30 Oct, 6 Nov, 20 Nov, 4 Dec",Sports,Bangalore,Confirmed,West Block Blues; ISL's survival,Low attendance vs loyal fans; BFC decline; stadium facilities,2,2,Low,
D08,Dated,"Halloween weekend: first big test of ‘No ID, no entry’ at pubs (legal drinking age 21)",31 Oct (Sat),Lifestyle,Bangalore,Rule confirmed; weekend expected,Bouncers checking IDs; themed parties; cover charges,Carded at 25; ID-data privacy fears; drinking age 21 vs voting age 18; 1 am closing; ‘western festival’ takes,3,3,Medium,
D09,Dated,Rajyotsava Awards list (announced around 1 Nov),31 Oct–1 Nov,Culture & Identity,Karnataka,Expected (annual),Who gets honoured; first list under CM DKS,Lobbying; caste balancing; celebrities vs deserving artists,3,2,Low,
D10,Dated,Kannada Rajyotsava: 71st (70 years complete since 1956); first under CM DKS,1 Nov (Sun),Festivals & Holidays,Karnataka,Confirmed date,Red-yellow flags everywhere; offices told to celebrate; corporate Kannada posts; falls on a Sunday,Kannada vs Hindi; ‘learn Kannada or leave’ vs ‘Bengaluru is cosmopolitan’; brands' token Kannada posts; signboard enforcement drives; holiday lost to a Sunday,5,5,High,
D11,Dated,US midterm elections,3 Nov (Tue) · results 4 Nov IST,Politics,Pan-India (Bengaluru tech angle),Confirmed,"H-1B, tariffs and OPT on the line; Indians get 70%+ of H-1B approvals",‘Is the US dream dead for Indian techies?’; GCCs moving jobs to Bengaluru: win or threat; NRI vs resident Indian takes,4,4,High,
D12,Dated,India vs New Zealand ODI series (06:30 am IST starts),"4–15 Nov (4, 7, 10, 13, 15 Nov)",Sports,Pan-India,Confirmed,Early-morning matches during Diwali week,Senior players' ODI future ahead of the 2027 World Cup; ‘why play 5 ODIs’,2,3,Low,
D13,Dated,"Kannada release cluster (NRI, Amma, Rudraprayag etc.) squeezed by Ramayana",5–6 Nov,Entertainment,Karnataka,Expected / unverified,Diwali-week screens,Kannada films losing screens to a Hindi epic; ‘support Sandalwood’ vs ‘make better films’; multiplex prices,4,3,Medium,
D14,Dated,"Ramayana: Rise of a Legend (Part 1): Ranbir Kapoor, Yash as Ravana, Sai Pallavi",6 Nov (Fri) (some say 5 Nov),Entertainment,Pan-India (Karnataka angle via Yash),Confirmed,"Biggest release of the year; Kannada superstar as the villain; ₹4,000 cr two-part budget",Adipurush comparisons; VFX; casting; ‘Rocky Bhai as Ravana’ pride vs ‘wasted on a Bollywood villain’; ticket prices; Kannada screen share,5,5,High,
D15,Dated,Deepavali (Naraka Chaturdashi / Lakshmi Puja),8 Nov (Sun),Festivals & Holidays,Bangalore / Pan-India,Confirmed,"Crackers, gifting, bonuses, travel home",Cracker bans vs tradition; AQI; pets; post-Diwali eye injuries; startup bonus vs no bonus,3,4,Medium,
D16,Dated,Appraisal / Diwali bonus discourse,Diwali week,Business & Tech,Bangalore,Pattern,Salary and bonus comparisons on LinkedIn / X,Hike percentages; ‘sweet box as bonus’ memes; startup vs MNC,3,3,Medium,
D17,Dated,Diwali bridge day: leave or WFH,9 Nov (Mon),Business & Tech,Bangalore,Inferred (Sun festival + Tue holiday),4-day weekend only if you take Monday off,Managers refusing leave; RTO mandates; 'Indian companies don't respect holidays',3,3,Medium,
D18,Dated,Balipadyami / Deepavali state holiday: 4-day weekend exodus,10 Nov (Tue),Festivals & Holidays,Karnataka,Confirmed,City empties out,Bus and flight fare gouging; airport traffic; ‘empty Bengaluru is the best Bengaluru’,2,3,Low,
D19,Dated,"DGTL Bengaluru, The Lalit Ashok (Nina Kraviz, Stephan Bodzin)",13–14 Nov (Fri–Sat),Entertainment,Bangalore,Confirmed,Main techno weekend,Ticket prices; noise complaints; drug-check scare stories; 1 am cut-off,3,3,Medium,
D20,Dated,"Guns N' Roses, NICE Grounds (tickets from ₹4,000)",14 Nov (Sat),Entertainment,Bangalore,Confirmed,Biggest rock show of the year,"Ticket pricing and queue rage; remote venue, no metro; crowd safety; 'Axl's voice is gone' vs nostalgia",4,4,High,
D21,Dated,"Mid-size gigs: Papon (14 Nov), Satinder Sartaaj (20 Nov), Candlelight A.R. Rahman & Arijit tributes (21 Nov), Indian Ocean (28 Nov)",14–28 Nov,Entertainment,Bangalore,Confirmed listings,Weekend plans,Tribute shows = overpriced karaoke?; far-off venues,1,2,Low,
D22,Dated,Sunburn Arena ft. Adam Port (Keinemusik),15 Nov (Sun),Entertainment,Bangalore,Confirmed,Afro-house crowd,Sunburn controversies; drug narratives; mall-venue experience,3,2,Low,
D23,Dated,"Bengaluru Tech Summit 2026 (29th edition), BIEC; ‘AI & Beyond’; India-USA Tech Conclave track",17–19 Nov (Tue–Thu),Business & Tech,Bangalore,Confirmed,"1,600+ exhibitors; govt announcements and MoUs; CM DKS's first BTS",‘Govt photo-op’; BIEC too far; losing investment to Hyderabad; ‘AI summit while ORR floods’; MoUs that never materialise; AI job fears,3,4,Medium,
D24,Dated,"India vs New Zealand 1st Test, Wellington (03:00 am IST)",19–23 Nov,Sports,Pan-India,Confirmed,WTC points; India haven't won a Test series in NZ since 2009,Batting collapses; Gill's captaincy; ‘Test cricket is dying’,2,3,Low,
D25,Dated,"Pan-India releases: Sri Sri (Dulquer, Pooja Hegde) 20 Nov; Yeh Prem Mol Liya (Ayushmann, Sharvari) & Mysaa (Rashmika) 27 Nov",20 & 27 Nov,Entertainment,Pan-India,Expected,Post-Ramayana weekends,Rashmika's past run-ins with Kannada groups may resurface; star-kid / casting debates,2,2,Low,
D26,Dated,Karnataka SIR final electoral roll (draft published 24 Aug),Nov (date TBA),Politics,Karnataka / Bangalore,Expected,People checking if their names survived,"Deletion fears for renters and migrants; 'lived here 10 years, can't vote'; roll-manipulation claims",4,3,Medium,
D27,Dated,"IPL 2027 retention deadline (auction expected 14–16 Dec, Goa)",Late Nov (date TBA),Sports,Bangalore / Pan-India,Expected,RCB are back-to-back champions chasing a hat-trick,Who RCB release; trade rumours; keep the core vs rebuild; Kohli's future,4,5,High,
D28,Dated,"GBA civic poll notification + campaign: 5 corporations, 369 wards; first city vote since 2015; SC deadline 31 Dec",Mid-Nov–Dec (expected),Politics,Bangalore,Expected,First chance in 11 years to elect corporators,5 corporations: better governance or power grab; tech-crowd voter apathy; RWA candidates; potholes as election issue; dry days,5,4,High,
D29,Dated,Kanakadasa Jayanti holiday + Black Friday: long weekend 27–29 Nov,27 Nov (Fri),Festivals & Holidays,Karnataka / Pan-India,Confirmed holiday,Getaways + sales,Coorg/Chikmagalur traffic; fake Black Friday discounts; quick-commerce sale chaos,2,3,Low,
D30,Dated,"India vs New Zealand 2nd Test, Christchurch (tour ends)",27 Nov–1 Dec,Sports,Pan-India,Confirmed,Series result,Post-mortems if India lose,2,3,Low,
D31,Dated,"Samay Raina India tour kicks off (Delhi); Bengaluru gets only Feb 19–21, 2027",28–29 Nov,Entertainment,Pan-India / Bangalore,Confirmed,India's Got Latent fandom; ticket rush,‘Why does Bengaluru get it last?’; ticket bots; edgy comedy vs offence,2,3,Low,
D32,Dated,RBI monetary policy (repo at 5.25%),2–4 Dec (decision 4 Dec),Business & Tech,Pan-India,Confirmed,"EMIs, home loans, FD rates",‘Rent or buy in Bengaluru’; rate-cut hopes vs layoff-hit housing market,2,3,Low,
D33,Dated,Parliament winter session (2025 ran 1–19 Dec),Early Dec (expected),Politics,Pan-India,Expected,"Bills, SIR debate, federalism fights",Disruptions vs debate; delimitation and South's share; bills passed without scrutiny,3,3,Medium,
D34,Dated,Basavanagudi Kadalekai Parishe (groundnut fair),5–8 Dec (main day Mon 7 Dec),Festivals & Holidays,Bangalore,Unverified,Old-Bengaluru nostalgia; reels,Plastic ban; Basavanagudi traffic; ‘real Bengaluru vs Koramangala Bengaluru’,2,3,Low,
D35,Dated,Belagavi winter session of the legislature (2025: 8–19 Dec),From ~8 Dec (expected),Politics,Karnataka,Expected,DKS govt's first Belagavi session,Caste survey tabling; North Karnataka neglect; Kannada bills,3,2,Low,
D36,Dated,Fred again.. NICE Grounds (12 Dec); Avengers: Doomsday (18 Dec); SRK's King (24 Dec); Gorillaz Bengaluru (23 Jan 2027); Bangalore Lit Fest (11–13 Dec),Pre-hype inside window,Entertainment,Bangalore / Pan-India,Mixed (listed / expected),"Ticket drops, trailers and advance bookings land in the window",Ticket-queue rage; trailer verdicts; SRK fandom wars; ‘Bengaluru finally gets big acts’,2,4,Medium,
O01,Ongoing,GBA elections and Bengaluru's split into 5 corporations,Ongoing · trigger: poll notification before 31 Dec,Politics,Bangalore,Confirmed deadline,No corporators since 2020; SC has extended the deadline repeatedly,State ‘stalling’ vs ‘roll revision needed’; 5 mayors = better services or 5x corruption,5,4,High,
O02,Ongoing,"CM D.K. Shivakumar: Bengaluru-first agenda and viral remarks (‘MLAs who come to Bengaluru marry twice’, 24 Sep)",Ongoing,Politics,Karnataka / Bangalore,Confirmed,CM focused on Bengaluru; frequent viral soundbites,Will DKS fix Bengaluru or build vanity projects; Siddaramaiah camp unrest; opposition calling govt unstable,4,4,High,
O03,Ongoing,"DKS cabinet: 19 ministers inducted 3 Aug, no women ministers, one berth vacant, disgruntled MLAs",Ongoing,Politics,Karnataka,Confirmed,Reshuffle talk keeps resurfacing,‘A 33-member cabinet with zero women in 2026’; caste/region balancing; Delhi high command calling the shots,3,3,Medium,
O04,Ongoing,"H.D. Kumaraswamy's offensive: HMT land, NICE project, KPSC recruitment irregularities",Ongoing,Politics,Karnataka,Confirmed,JD(S) leader positioning as main challenger for 2028,KPSC exam fairness (big for students); land scams; BJP vs JD(S) for opposition leadership,3,2,Low,
O05,Ongoing,Caste survey report (received 27 May; seeks OBC quota hike to 42%) still not tabled,Ongoing · trigger: Cabinet decision / Belagavi session,Politics,Karnataka,Confirmed,BJP demanding tabling; Home Minister says Cabinet will decide,"Merit vs social justice; dominant-community pushback; impact on private jobs (keep framing civic, not communal)",4,3,Medium,
O06,Ongoing,"Hebbal–Silk Board tunnel road: Adani lowest bid ₹22,267 cr vs ₹17,698 cr estimate; not yet awarded",Ongoing,Civic & Infrastructure,Bangalore,Reported,DKS's signature project; defence-land and Lalbagh land issues,Tunnels for cars vs metro for people; cost overrun; Congress + Adani optics; tolls; groundwater,5,4,High,
O07,Ongoing,"Bengaluru's second airport: ‘South Bengaluru’, Harohalli (Kanakapura Rd) frontrunner",Ongoing,Civic & Infrastructure,Bangalore,Reported (site not final),150-km restriction till 2033; TN pushing a Hosur airport,Airport near the CM's home turf?; ‘another 2-hour airport ride’; Hosur stealing Bengaluru's traffic,4,3,Medium,
O08,Ongoing,"Namma Metro: Pink Line delays (underground part targeted early 2027), fares among India's highest",Ongoing,Civic & Infrastructure,Bangalore,Reported; fare reports conflict,Daily commute pain,‘Metro costlier than a cab for 3 people’; missed deadlines; state vs Centre blame,4,4,High,
O09,Ongoing,"Traffic: ORR, Silk Board, Hebbal, airport road, Tumakuru Rd",Ongoing,Civic & Infrastructure,Bangalore,Evergreen,Daily pain; national memes,"WFH as traffic policy; RTO mandates; blame on govt, tech parks, migrants",4,5,High,
O10,Ongoing,"Potholes, garbage, ‘No road, no tax’ protests (East Bengaluru); garbage fee pushed property tax up 20–35%",Ongoing,Civic & Infrastructure,Bangalore,Reported,Photo-driven outrage on X,"‘Highest taxes, village roads’; pre-election pothole-filling theatre",4,4,High,
O11,Ongoing,"Northeast monsoon cloudbursts and flooding (Mahadevapura, ORR, Yelahanka)",Oct–Dec season,Civic & Infrastructure,Bangalore,Seasonal pattern,One heavy night = viral flood videos,Encroached lakes; stormwater drains; tech parks under water,4,4,High,
O12,Ongoing,"Water stress: tanker prices, borewells, groundwater",Ongoing,Civic & Infrastructure,Bangalore,Evergreen,Apartment rationing,BWSSB tariffs; ‘Day Zero’ fears; blaming population growth,3,3,Medium,
O13,Ongoing,"Rent, deposits, brokers, PG and flatmate discrimination",Ongoing,Lifestyle,Bangalore,Evergreen,r/bangalore staple,10-month deposits; ‘veg only / no bachelors’; rents vs salaries,4,4,High,
O14,Ongoing,Kannada vs Hindi; 60% Kannada signage rule,Ongoing · peaks around 1 Nov,Culture & Identity,Bangalore,Confirmed rule,Viral auto / bank / metro argument videos,‘Learn Kannada’ vs ‘no national language’; signboard vigilantism; migrants and the economy. Most divisive evergreen topic: moderate hard,5,5,High,
O15,Ongoing,North vs South / locals vs migrants; Bengaluru vs Hyderabad investment rivalry,Ongoing,Culture & Identity,Bangalore / Pan-India,Evergreen,Flares with every viral incident,‘Migrants built Bengaluru’ vs ‘migrants broke Bengaluru’; Hyderabad poaching firms,5,5,High,
O16,Ongoing,Delimitation: will the South lose Lok Sabha seats?,Ongoing · Census population count Feb 2027,Politics,Karnataka / South India,Reported,Census 2027 will be the base; southern CMs pushing back,"‘South pays, North decides’; family-planning ‘punishment’; tax devolution grievances",5,4,High,
O17,Ongoing,"Mekedatu dam vs Tamil Nadu (TN Assembly resolution, June 2026)",Ongoing,Politics,Karnataka / Tamil Nadu,Reported,Meant to supply Bengaluru drinking water,Cauvery rivalry; ‘Bengaluru needs water’ vs TN farmers; Karnataka vs TN social-media wars,4,3,Medium,
O18,Ongoing,"Local job quota for Kannadigas in private / IT firms (2024 bill, paused)",Dormant · revival risk,Politics,Karnataka,Historical,Could resurface with the caste survey or Rajyotsava,Investor flight vs local rights; Nasscom vs pro-Kannada groups,5,3,High,
O19,Ongoing,"Autos and bike taxis: meter refusal, app pricing; Karnataka's SC appeal against HC order allowing bike taxis",Ongoing,Civic & Infrastructure,Bangalore,Reported,Bike taxis are the cheapest office commute,Auto unions vs Rapido; ‘ban bike taxis = more traffic’; language angle in auto fights,4,4,High,
O20,Ongoing,"Pub rules: 1 am closing, drinking age 21, ID checks (privacy concerns)",Ongoing,Lifestyle,Bangalore,Confirmed,Weekend lifestyle,‘World-class city shuts at 1 am’; 21 vs 18; residents vs pubs; NYE extension debate,3,3,Medium,
O21,Ongoing,"AI layoffs, hiring freezes, RTO mandates; IT workers unionising (KITU rallies)",Ongoing,Business & Tech,Bangalore / Pan-India,Reported,LinkedIn and X core topic; layoffs hitting Bengaluru housing and PGs,‘AI is replacing freshers’; ‘RTO is real-estate theatre’; 70/90-hour work-week takes; should techies unionise,5,5,High,
O22,Ongoing,"Bengaluru startup IPO wait: Zepto, PhonePe (paused), Flipkart",Ongoing,Business & Tech,Bangalore,Reported (no dates),ESOP holders and investors watching,Quick commerce valuations; ‘will retail investors be exit liquidity?’; 10-minute delivery ethics,3,3,Medium,
O23,Ongoing,Darshan murder trial (day-to-day hearings; more accused seeking approver status),Ongoing,Entertainment,Karnataka,Reported,Biggest celebrity-crime story in Karnataka,Fan culture gone toxic; celebrity privilege; any testimony or approver twist spikes chatter,4,4,High,
O24,Ongoing,RCB fandom and Chinnaswamy crowd safety (June 2025 stampede memory),Ongoing,Sports,Bangalore,Background,Biggest sports identity in the city,‘RCB fans vs everyone’; venue safety; will Bengaluru keep big matches,4,4,High,
O25,Ongoing,"Bigg Boss Kannada 13 and Bigg Boss Hindi 20: weekend episodes, evictions",Ongoing (finales likely Jan),Entertainment,Karnataka / Pan-India,Confirmed premieres,Weekly controversy cycle,Host scolding moments; scripted-fight claims; language rows,4,4,High,
O26,Ongoing,Cockroach Janta Party (CJP): Gen Z anti-establishment movement; Bengaluru Freedom Park protest 14 June,Ongoing,Politics,Pan-India / Bangalore,Active: 2 Oct 2026 Shivaji Park (Mumbai) protest vs CEC over SIR; Delhi/Goa/Bengaluru/Kolkata legs planned,Ended July after the education minister resigned; threatened to resume,"Exams and youth jobs; satire as politics; ‘online loud, offline thin’ in Bengaluru",4,3,Medium,
O27,Ongoing,Annamalai's new ‘We The Leaders’ movement (quit BJP 5 June),Ongoing,Politics,Tamil Nadu / Bangalore interest,Reported,Ex-Karnataka cop with a big Bengaluru following,New parties vs old; ‘Singham’ image; Mekedatu stance,3,3,Medium,
O28,Ongoing,Tree felling for Metro Phase 3; ‘Garden City’ loss,Ongoing,Civic & Infrastructure,Bangalore,Reported,Citizen activism on X,Development vs green cover,3,2,Low,
B01,Evergreen (Evergreen + Spikes),Who runs Bengaluru? GBA and the 5-corporation split,Oct–Dec,Politics,Bengaluru,,No elected corporators since 2020; SC deadline now 31 Dec 2026,Will 5 mayors mean better services or 5x bureaucracy? | Directly elected mayor? | Do you know your ward number?,4,3,Medium,
B02,Evergreen (Evergreen + Spikes),"Bengaluru pays, Bengaluru gets? City revenue vs spending",Feb–Mar,Politics,Bengaluru,,Recurs every budget and CM soundbite; Bengaluru-first agenda keeps it live,Is Bengaluru the state's ATM? | Ring-fence city taxes? | Big projects or basics first?,4,3,Medium,
B03,Evergreen (Evergreen + Spikes),"Bengaluru traffic: Silk Board, ORR, Hebbal, airport road",Year-round; TomTom late Jan,Civic & Infrastructure,Bengaluru,,"TomTom 2025: world's 2nd most congested city, 168 hrs lost/yr",WFH as traffic policy? | Tunnels or metro? | Stagger tech-park timings? | Worst junction?,4,5,High,
B04,Evergreen (Evergreen + Spikes),"Namma Metro: fares, delays, crowding, last mile",Feb; openings,Civic & Infrastructure,Bengaluru,,Annual fare revision from Feb 2026; lines years late; crowding videos,Metro costlier than a cab for 3? | Run past midnight on weekends? | State or Centre credit?,3,4,Medium,
B05,Evergreen (Evergreen + Spikes),"Potholes, garbage, 'No road, no tax'","Jun–Oct, Apr–May",Civic & Infrastructure,Bengaluru,,Photo-led outrage; garbage fee pushed property tax up 20–35%,"Highest taxes, village roads: fair? | Pay premium for guaranteed roads? | Pre-poll pothole theatre?",4,4,High,
B06,Evergreen (Evergreen + Spikes),Floods and lake encroachment,"Jun–Sep, Oct–Dec",Civic & Infrastructure,Bengaluru,,Every heavy rain night = viral flooded tech parks,"Who's to blame: builders, govt or buyers? | Demolish encroachments? | Buy in flood zone for a discount?",4,4,High,
B07,Evergreen (Evergreen + Spikes),Water stress and tanker raj,Mar–May,Civic & Infrastructure,Bengaluru,,Summer rationing and tanker price spikes every dry season,Cap tanker prices? | Heading for Day Zero? | Pause construction in dry zones?,3,3,Medium,
B08,Evergreen (Evergreen + Spikes),Garden City lost? Tree felling vs infrastructure,5 Jun; project news,Civic & Infrastructure,Bengaluru,,Every metro/road project reignites trees vs progress,One metro station worth 100 trees? | Garden City just nostalgia? | Mandatory transplanting?,3,3,Medium,
B09,Evergreen (Evergreen + Spikes),"Autos, meters and bike taxis",Year-round,Civic & Infrastructure,Bengaluru,,"Meter refusal is perennial; HC lifted bike-taxi ban Jan 2026, state appealed to SC",Autos meter or app-only? | Bike taxis safe or unfair? | Namma Yatri vs Uber/Ola? | Language barrier?,4,4,High,
B10,Evergreen (Evergreen + Spikes),"Stray dogs: feed, shelter or remove?",Year-round,Civic & Infrastructure,Bengaluru,,Bite incidents and feeding programmes split animal lovers and parents,Regulate feeding in residential areas? | City-funded feeding? | Shelter or sterilise-release?,5,4,High,Very hostile comments; moderate
B11,Evergreen (Pure Evergreen),Civic sense and road manners,Year-round,Civic & Infrastructure,Bengaluru,,"Honking, wrong-side riding, footpath parking endlessly memed",Two-wheelers or cars worse? | 10x challans? | Taught or enforced?,3,4,Medium,Avoid locals-vs-migrants blame
B12,Evergreen (Evergreen + Spikes),Airport commute and the second airport,Holidays,Civic & Infrastructure,Bengaluru,,1–2 hr airport ride and cab fares are a constant rant,South Bengaluru airport worth it? | Pay toll for 30-min ride? | Airport metro when?,3,3,Medium,
B13,Evergreen (Pure Evergreen),BMTC buses: would you take the bus to work?,Year-round,Civic & Infrastructure,Bengaluru,,Buses carry more than metro but invisible to this audience,"Would a free/₹1,000 pass make you switch? | Bus lanes work? | Vajra worth it?",2,2,Low,
B14,Evergreen (Pure Evergreen),Startup vs MNC vs GCC job,Mar–Apr,Business & Tech,Bengaluru,,Core career fork; GCC expansion keeps it fresh,ESOPs or stable CTC? | GCC the new govt job? | 30% pay cut for a startup?,3,4,Medium,
B15,Evergreen (Pure Evergreen),Hustle culture and toxic startup work,Year-round,Business & Tech,Bengaluru,,Founder-grind vs burnout weekly; Bumble 2024: 55% of Bengalureans prefer slow life,Is grind necessary to build in India? | Weekend Slack: red flag? | Founder mode = bad management?,4,4,High,
B16,Evergreen (Evergreen + Spikes),"Layoffs, AI, RTO and tech unionising","Jan, Apr, Jul, Oct",Business & Tech,Bengaluru,,"Every result, AI launch or RTO memo restarts it",Would you join a tech union? | RTO for productivity or real estate? | AI takes your job before 2030?,4,4,High,
B17,Evergreen (Evergreen + Spikes),"Startup IPOs, ESOPs and paper millionaires",Year-round,Business & Tech,Bengaluru,,Listings and lock-in expiries spark ESOP debates,ESOPs over salary? | Valuations real? | Profitable growth a myth?,3,3,Medium,
B18,Evergreen (Pure Evergreen),Tech-bro culture and 'Koramangala overheard',Year-round,Business & Tech,Bengaluru,,Overheard funding talk is a meme genre,Everyone-is-building: inspiring or exhausting? | Rate these overheard lines,2,4,Medium,
B19,Evergreen (Evergreen + Spikes),10-minute delivery: convenience or curse?,"Oct–Nov, Jan–Feb",Business & Tech,Bengaluru,,"Dark stores in lanes, rider safety; Q2 cash-burn headlines",Wait 30 min for rider safety? | Killed the kirana? | Dark store in your lane: okay?,3,4,Medium,
B20,Evergreen (Evergreen + Spikes),Is Bengaluru still India's tech capital?,Nov,Business & Tech,Bengaluru,,GCC wins for Hyderabad/Pune/NCR; BTS every Nov,Bengaluru or Hyderabad in 2027? | Has traffic cost the crown? | Relocate for 20% more?,4,4,High,
B21,Evergreen (Evergreen + Spikes),Kannada vs Hindi; 60% signage; learn Kannada,Nov; year-round,Culture & Identity,Bengaluru,,Viral auto/bank/metro videos; peaks at Rajyotsava; most divisive evergreen,Should long-term residents learn basic Kannada? | Banks serve in Kannada first? | Signage enforcement fair?,5,5,High,"Use self-report polls and learner stories, never blame"
B22,Evergreen (Pure Evergreen),What makes someone a Bengalurean? (locals vs migrants),Year-round,Culture & Identity,Bengaluru,,Outsider vs local powers most comment wars,"Born here, 5 years here, or speaks Kannada? | Migrants made it better or worse?",5,5,High,Frame as belonging and contribution; no ethnic blame
B23,Evergreen (Pure Evergreen),City wars: Bengaluru vs Hyderabad vs Mumbai vs Delhi vs Pune vs Chennai,Year-round,Culture & Identity,Bengaluru,,National Twitter's favourite fight,Best city to work in 2026? | Best on ₹1.5L/month? | Bengaluru weather for Mumbai locals?,4,5,High,
B24,Evergreen (Pure Evergreen),Bengaluru then vs now,Year-round,Culture & Identity,Bengaluru,,"Nostalgia (old MG Road, single screens, AC city) is perennially shareable",Old Bengaluru better or just smaller? | What do you miss most? | Growth worth it?,2,4,Medium,
B25,Evergreen (Evergreen + Spikes),"Rent, deposits, brokers","Jan–Mar, Jul–Sep",Lifestyle,Bengaluru,,"₹1L 3BHK with ₹4L deposit viral (May 2026); NoBroker: ₹31,628 cr locked in deposits. Karnataka has NO legal 2-month deposit cap",10-month deposit: security or interest-free loan? | Legally cap at 2 months? | Should owners pay brokers?,4,5,High,Don't publish the 2-month cap as fact
B26,Evergreen (Pure Evergreen),"PG life, flatmates and 'bachelors not allowed'",Jun–Aug,Lifestyle,Bengaluru,,Flatmate horror stories and listing filters are perennial,"Flatmate red flags? | Landlords rejecting bachelors okay? | PG, flat or co-living?",3,4,Medium,Frame as lifestyle/marital status; avoid religion and caste
B27,Evergreen (Pure Evergreen),Rent vs buy in Bengaluru,Year-round,Lifestyle,Bengaluru,,East/North price runs and EMI math,"Buying at 30: smart or trap? | Sarjapur, Whitefield or North? | Under-construction from big builder?",3,4,Medium,
B28,Evergreen (Pure Evergreen),Is ₹1 lakh a month enough in Bengaluru?,Mar–Apr,Lifestyle,Bengaluru,,Salary-vs-lifestyle breakdowns go viral repeatedly,What salary is middle class here? | Is ₹50 LPA rich? | Rent at what % is sane?,4,5,High,
B29,Evergreen (Pure Evergreen),Bengaluru dating scene and apps,"Feb, Oct–Dec",Lifestyle,Bengaluru,,"Hinge/Bumble dynamics, tech-bro dating discourse",Hardest city to date in? | Are dating apps dead? | Work talk on first date: red flag? | Who pays?,4,4,High,
B30,Evergreen (Evergreen + Spikes),"Pubs, breweries, 1 am rule, age 21, ID checks","Oct, Dec",Lifestyle,Bengaluru,,Closing time and drinking age recur every party weekend,Pubs till 3 am? | Drinking age 18? | Carded at 25: annoying or needed? | Brewery culture overrated?,3,4,Medium,
B31,Evergreen (Pure Evergreen),Café culture and laptop camping,Year-round,Lifestyle,Bengaluru,,"₹350 coffees, specialty vs darshini filter coffee",Ban laptops on weekends? | Third-wave vs filter coffee? | ₹350 latte okay?,2,3,Low,
B32,Evergreen (Pure Evergreen),"Food wars: darshinis, dosa, biryani, filter coffee",Dec; year-round,Lifestyle,Bengaluru,,Best dosa and biryani tier lists are endless,Best dosa in Bengaluru? | Donne or Hyderabadi biryani? | Darshini breakfast vs brunch?,2,4,Medium,
B33,Evergreen (Pure Evergreen),Neighbourhood wars: Koramangala vs Indiranagar vs HSR vs Whitefield vs Jayanagar,Year-round,Lifestyle,Bengaluru,,Locality stereotypes are meme gold,Best vibe? | Most overrated? | Old or new Bengaluru? | Your area's red flags,3,4,Medium,
B34,Evergreen (Pure Evergreen),Bengaluru weather: still India's best?,Mar–Jun,Lifestyle,Bengaluru,,Heat records vs AC-city nostalgia,Still the best in India? | Bought an AC this year? | Weather worth the traffic?,2,4,Medium,
B35,Evergreen (Evergreen + Spikes),"Women's safety at night: commute, cabs, late shifts","Mar, Dec",Lifestyle,Bengaluru,,Cab incidents and late-shift drops surface regularly,Feel safe after 11 pm? | Mandate company drops? | Safest mode at night?,3,3,Medium,Survivor-sensitive; no victim-blaming; focus on systems
B36,Evergreen (Pure Evergreen),Commute mode wars: two-wheeler vs car vs metro vs EV,Year-round,Lifestyle,Bengaluru,,Daily choice; EV scooters and parking pain,Car in Bengaluru: status or stupidity? | Prove parking to buy a car? | EV or petrol scooter?,3,3,Medium,
B37,Evergreen (Pure Evergreen),"Fitness culture: run clubs, Cubbon Park, padel","Jan, Apr–May",Lifestyle,Bengaluru,,Run clubs have become social and dating spaces,Run clubs the new dating apps? | Gym or run club? | Car-free Cubbon Park daily?,2,3,Low,
B39,Evergreen (Evergreen + Spikes),"RCB fandom: identity, loyalty, celebrations","Nov–Dec, Mar–May",Sports,Bengaluru,,RCB won IPL 2026 (second straight); 2025 crowd crush keeps safety debate live,RCB the soul of Bengaluru? | Public parades after 2025? | Move Chinnaswamy out of CBD?,3,5,High,
B42,Evergreen (Seasonal),"NYE in Bengaluru: Brigade Road, 1 am rules, traffic curbs",Dec,Festivals & Holidays,Bengaluru,,Police curbs on MG/Brigade Road and party end-times every year,Brigade Road at midnight: iconic or nightmare? | NYE closing at 3 am? | House party or pub?,3,4,Medium,
B43,Evergreen (Seasonal),"Old Bengaluru festivals: Karaga, Kadalekai Parishe, Lalbagh shows","Mar–Apr, Nov–Dec, Jan, Aug",Festivals & Holidays,Bengaluru,,Heritage festivals; good newcomer goodwill,Ever been to Karaga? | Market these to newcomers? | Crowd and plastic rules working?,1,2,Low,"Frame as heritage and city culture, not religion"
B44,Evergreen (Seasonal),"Festival eco debates: crackers, lake immersion, noise","Aug–Sep, Oct–Nov, Dec",Festivals & Holidays,Bengaluru,,Pollution and lake health flare every festival season,Green crackers or none? | Immersion only in tanks? | Strict noise rules?,3,3,Medium,Environmental only; never one festival vs another
K01,Evergreen (Evergreen + Spikes),Guarantee schemes: welfare or freebies?,Mar,Politics,Karnataka,,"Five guarantees cost ₹51,286 cr in 2026-27 (PRS); ministers admit fiscal strain",Trade guarantees for better roads? | Welfare or vote-buying? | Exclude high earners?,5,4,High,
K02,Evergreen (Evergreen + Spikes),Shakti free bus for women,"Jun, Mar",Politics,Karnataka,,"500 crore free rides by Jul 2025; ₹5,300 cr in 2026-27",Means-test Shakti? | Boosted women's jobs? | Subsidise men too?,4,4,High,
K03,Evergreen (Evergreen + Spikes),Local job quota for Kannadigas,As triggered,Politics,Karnataka,,Every revival triggers industry backlash,Private firms reserve jobs for Kannadigas? | Will it drive firms to Hyderabad? | What counts as local?,5,4,High,"Frame as economics and skills, not ethnicity"
K04,Evergreen (Evergreen + Spikes),Caste survey and reservation share,Dec,Politics,Karnataka,,Report and quota hike remain live,Merit or social justice: can both win? | Stricter creamy layer? | Public caste data?,4,3,Medium,Policy design only; no community targeting
K05,Evergreen (Evergreen + Spikes),"Power politics: CM vs rivals, high command, 2028",Year-round,Politics,Karnataka,,Reshuffle talk and viral soundbites recur,Run from Delhi? | Real opposition: BJP or JD(S)? | Rate the CM's first 100 days,3,3,Medium,
K06,Evergreen (Evergreen + Spikes),Women in Karnataka politics,Mar,Politics,Karnataka,,Zero women ministers in the 2026 cabinet,Mandatory women in cabinets? | Why so few women MLAs?,3,3,Medium,
K07,Evergreen (Seasonal),"Kannada Rajyotsava: celebration, brand posts, holiday",Nov,Festivals & Holidays,Karnataka,,"1 Nov; flags, office celebrations, token brand posts",Private companies give a holiday? | Brand posts: token or genuine? | Your Rajyotsava plans?,4,5,High,
K08,Evergreen (Seasonal),Mysuru Dasara and Mysuru vs Bengaluru,Sep–Oct (2027 cycle),Festivals & Holidays,Karnataka,,Mysuru as calmer alternative city,Mysuru better to live in? | Dasara worth the crowds? | WFH from Mysuru?,2,3,Low,
K09,Evergreen (Pure Evergreen),Weekend getaways: Coorg vs Chikmagalur vs Gokarna vs Nandi Hills,Jun–Feb,Lifestyle,Karnataka,,Default weekend debate; getaway traffic jams,Most overrated getaway? | Nandi sunrise worth 4 am? | Coorg or Wayanad?,2,4,Medium,
K10,Evergreen (Evergreen + Spikes),Kannada cinema vs pan-India: KGF/Kantara effect,Nov,Entertainment,Karnataka,,Kantara: Chapter 1 is Karnataka's top grosser; KGF 2 tops Kannada films overall,Sandalwood pan-India or two franchises? | Do Bengalureans watch Kannada films? | Guarantee Kannada screens?,4,4,High,
K11,Evergreen (Seasonal),Bigg Boss Kannada,Sep/Oct–Jan,Entertainment,Karnataka,,Weekly evictions and host moments trend,Is reality TV scripted? | Who should win? | Good for Kannada TV?,3,4,Medium,
K12,Evergreen (Evergreen + Spikes),Celebrity accountability and fan culture,As triggered,Entertainment,Karnataka,,Star cases polarise fans vs public,Boycott accused stars? | Does fan culture enable bad behaviour?,4,3,Medium,"Sub judice: discuss fandom, not guilt"
K13,Evergreen (Seasonal),"Kambala, Yakshagana, Kodava culture",Nov–Mar,Culture & Identity,Karnataka,,Kambala season brings animal-welfare vs heritage debate,Kambala: heritage or cruelty? | Host traditional sports in Bengaluru annually?,3,2,Low,
K14,Evergreen (Evergreen + Spikes),"Beyond Bengaluru: Mysuru, Hubballi, Mangaluru as tech hubs","Nov, Mar",Business & Tech,Karnataka,,State push to decentralise IT,Move to Mangaluru for a tech job? | Force firms to tier-2 cities?,2,2,Low,
K15,Evergreen (Seasonal),"Karnataka exam and results season: PUC, KCET",Apr–Jun,Lifestyle,Karnataka,,Results-day stress and topper stories,Do board marks matter? | Kannada-medium vs English-medium?,2,3,Low,
SI01,Evergreen (Evergreen + Spikes),Delimitation and tax devolution: North vs South money,Feb,Politics,South India,,Southern tax-share and seat-share fears recur,Seats by population or performance? | Is the South subsidising the North?,5,4,High,Data-first fiscal federalism; no regional slurs
SI02,Evergreen (Evergreen + Spikes),Mekedatu and Cauvery water with Tamil Nadu,Jul–Oct,Politics,South India,,Flares in deficit monsoon years and tribunal orders,Build Mekedatu? | Who decides water sharing? | Bengaluru's water at risk?,4,3,Medium,
SI03,Evergreen (Evergreen + Spikes),Three-language policy and Hindi in schools,As triggered,Culture & Identity,South India,,TN and Karnataka push back on Hindi mandates,Two languages or three? | Hindi optional in the South? | English the real link language?,5,4,High,Frame around education outcomes
SI04,Evergreen (Pure Evergreen),South cinema civil war: Telugu vs Tamil vs Malayalam vs Kannada,"Jan, Oct–Nov",Entertainment,South India,,Box-office bragging rights,Best industry right now? | Most overrated South star? | Best pan-India film of the year?,3,4,Medium,
SI05,Evergreen (Pure Evergreen),"Food origin wars: Mysore Pak, dosa, biryani, filter coffee",Year-round,Culture & Identity,South India,,Karnataka vs TN 'who owns it' banter,Whose is Mysore Pak? | Best South Indian biryani? | Karnataka or TN filter coffee?,2,4,Medium,
SI06,Evergreen (Pure Evergreen),South Indian cities better to live in?,Oct–Jan,Culture & Identity,South India,,"Safety, cleanliness, food comparisons go viral",Move from Delhi for air quality? | Best metro for women?,4,4,High,"Compare cities on data, not people"
P01,Evergreen (Evergreen + Spikes),70/90-hour work week,Multiple times a year; 1 May,Business & Tech,Pan-India,,Murthy's 70-hr call (2023) and 72-hr '996' backing (2025); L&T chair's 'stare at your wife' video,70 hrs for 2x pay? | Why India lags or why we burn out? | Right to disconnect law?,5,4,High,
P02,Evergreen (Evergreen + Spikes),WFH vs office vs hybrid,Year-round,Business & Tech,Pan-India,,"RTO mandates, rent shock and commute data",20% pay cut for full remote? | Is office culture real? | Fair office days?,4,5,High,
P03,Evergreen (Evergreen + Spikes),AI replacing jobs,Nov; year-round,Business & Tech,Pan-India,,Every model launch and layoff ties back to 'is my job next?',AI takes your job by 2030? | Disclose AI-linked layoffs? | Learn AI or switch careers?,4,4,High,
P04,Evergreen (Seasonal),"Salary, appraisals and job hopping","Mar–Jun, Oct–Nov",Business & Tech,Pan-India,,Appraisal letters and Diwali bonuses bring hike-% discourse,7% hike an insult? | Hop every 2 years or stay? | Public salaries inside companies?,3,4,Medium,
P05,Evergreen (Evergreen + Spikes),Mental health and burnout at work,10 Oct,Business & Tech,Pan-India,,"Burnout cases (e.g., EY Pune 2024) periodically shock the industry",Quiet quitting: self-care or laziness? | Train managers in mental health? | Honest mental-health day?,4,3,Medium,
P06,Evergreen (Evergreen + Spikes),Gig worker rights and quick-commerce riders,Year-round,Business & Tech,Pan-India,,Rider safety and 10-minute deadlines,Drop 10-minute promises? | Pay ₹10 extra for rider welfare?,3,3,Medium,
P07,Evergreen (Evergreen + Spikes),"Brain drain and the US dream: H-1B, Canada, Germany","Mar, Sep, Nov",Business & Tech,Pan-India,,Indians got 71% of approved H-1Bs (FY2024); $100K fee status contested,Is the US dream dead? | Return for a GCC job? | Stay and build or leave?,4,4,High,Verify H-1B fee status before posting
P08,Evergreen (Pure Evergreen),Is engineering / MBA / college brand worth it?,Aug–Dec,Lifestyle,Pan-India,,Degree ROI debates at admissions and placements,Brand matter after first job? | MBA at 25 or 30? | Christ/IIM/IIT tag overrated?,3,3,Medium,
P09,Evergreen (Seasonal),Middle-class tax burden: new vs old regime,"1 Feb, Jul",Lifestyle,Pan-India,,Budget day and ITR season spike the 'taxed like Europe' meme,Value for your taxes? | New or old regime? | More deductions for salaried?,4,5,High,
P10,Evergreen (Evergreen + Spikes),"F&O, trading and crypto: investing or gambling?",Year-round,Lifestyle,Pan-India,,SEBI: 91% of individual F&O traders lost money in FY25,Is F&O gambling? | Ban weekly options for retail? | Finfluencers helpful or harmful?,3,4,Medium,
P11,Evergreen (Pure Evergreen),"Save vs spend: FIRE, EMIs, YOLO","Sep–Nov, Jan",Lifestyle,Pan-India,,Lifestyle inflation vs Bengaluru costs,iPhone on EMI: smart or broke? | Retire at 40 or enjoy at 25? | Credit cards: tool or trap?,3,4,Medium,
P13,Evergreen (Evergreen + Spikes),Freebies vs welfare (national),As triggered,Politics,Pan-India,,Every election brings cash-transfer promises,Line between welfare and freebies? | EC regulate poll promises?,4,3,Medium,
P14,Evergreen (Evergreen + Spikes),One Nation One Election,"Dec, Jul",Politics,Pan-India,,Bill and committee news brings it back,Efficient or anti-federal? | Fewer freebie cycles?,3,2,Low,
P15,Evergreen (Evergreen + Spikes),"Reservation and merit (EWS, creamy layer, private quotas)",As triggered,Politics,Pan-India,,"Triggers on results, court rulings, caste-survey news",Income or caste based? | Tighten creamy layer?,5,3,High,Policy design only; no group-targeting language
P16,Evergreen (Evergreen + Spikes),Gen Z and politics: does youth activism work?,25 Jan; as triggered,Politics,Pan-India,,New youth movements test whether online outrage becomes votes,Will Gen Z vote differently? | Meme activism real activism? | Compulsory voting?,3,3,Medium,
P17,Evergreen (Seasonal),Delhi AQI and pollution refugees,Oct–Jan,Civic & Infrastructure,Pan-India,,Delhi smog every Oct–Jan; Bengaluru as escape city,Move cities for air? | Bengaluru heading the same way? | Nationwide cracker ban?,3,4,Medium,
P18,Evergreen (Evergreen + Spikes),EVs vs petrol vs hybrid,Year-round,Civic & Infrastructure,Pan-India,,"Service complaints, charging gaps, subsidy shifts",Buy an EV in 2027? | Service woes a dealbreaker? | Hybrid or full EV?,3,3,Medium,
P19,Evergreen (Pure Evergreen),Gen Z vs Millennials at work and life,Year-round,Culture & Identity,Pan-India,,Corporate Gen Z memes,Gen Z entitled or honest? | Who's worse at phone calls? | Whose cringe is worse?,3,4,Medium,
P20,Evergreen (Evergreen + Spikes),"Influencer culture, creator economy, comedy free speech",As triggered,Culture & Identity,Pan-India,,Creator controversies and 'is influencing a job?',Real career? | Should comedy have limits? | Trust influencer recommendations?,4,4,High,
P21,Evergreen (Pure Evergreen),Bollywood vs South cinema; nepotism,"Diwali, Christmas, Eid weekends",Entertainment,Pan-India,,South pan-India hits and star-kid debuts,Bollywood losing to the South? | Nepotism overhyped? | Kannada star as Bollywood villain: win or waste?,4,4,High,
P22,Evergreen (Pure Evergreen),Theatres vs OTT; ticket and popcorn prices,Year-round,Entertainment,Pan-India,,Multiplex pricing memes,₹500 popcorn a scam? | Theatre or OTT for big films? | Cap ticket prices?,3,4,Medium,
P23,Evergreen (Evergreen + Spikes),"Cricket culture: IPL vs international, star worship, other sports","Mar–May, Nov–Dec",Sports,Pan-India,,IPL dominance vs Tests; retirements,IPL killing Tests? | Back non-cricket sports more? | Greatest Indian sportsperson?,3,5,High,
P24,Evergreen (Evergreen + Spikes),"Sport and politics (e.g., playing rivals amid tensions)",As triggered,Sports,Pan-India,,Explodes around India–Pakistan fixtures,Should sport and politics mix? | Boycott or play?,5,5,High,"Polls only, comments closed; consider skipping"
P25,Evergreen (Pure Evergreen),Arranged vs love marriage; marriage age; kids or not,Nov–Feb,Lifestyle,Pan-India,,Perennial family-vs-self debate; wedding season intensifies,Arranged in 2026: practical or outdated? | Ideal marriage age? | DINK: selfish or smart? | ₹50L wedding worth it?,4,4,High,
P26,Evergreen (Pure Evergreen),"Dowry, 'gifts', live-in relationships, splitting the bill",Nov–Feb,Lifestyle,Pan-India,,"Dowry cases, live-in registration rules, who-pays debates",'Gift' just dowry rebranded? | Register live-ins? | Split the bill? | Chores 50/50?,4,4,High,"For UCC, discuss specific civil questions only, never religion"
